Age,F,M
12,,41.5
14,,24.0
15,,12.6
16,29.666666666666668,36.79130434782609
17,39.27272727272727,41.61754385964912
18,24.714285714285715,40.57464788732395
19,31.73170731707317,39.97227722772277
20,41.82588235294118,44.87889908256881
21,31.942528735632184,50.27731092436975
22,45.637623762376236,50.44385964912281
23,38.825688073394495,51.92673267326733
24,39.07256637168141,51.16576576576576
25,44.45510204081633,55.32571428571428
26,39.81333333333334,55.73972602739726
27,44.69117647058823,51.25915492957746
28,46.513513513513516,50.85142857142857
29,49.98918918918919,52.70144927536232
30,48.44444444444444,72.0695652173913
31,60.7764705882353,51.71111111111111
32,48.73684210526316,68.375
33,46.666666666666664,68.30434782608695
34,95.1,58.91304347826087
35,43.0,71.4
36,111.5,64.55555555555556
37,69.66666666666667,53.375
38,32.25,55.6
39,,95.5
40,,89.75
41,,55.25
42,,63.0
43,,52.0
44,290.0,114.0
45,,80.66666666666667
46,,99.0
48,27.0,265.0
49,,68.0
51,,82.0
54,,40.0
55,,44.0
